{
  "keys": [
    {
      "id": "05163f2e-05b2-488a-a6b7-f1b80804f6a1",
      "key": "DE511A20B47F4F69BBA46422",
      "days": 7,
      "price": 10,
      "createdAt": 1772361015830,
      "expiresAt": 1772965815830,
      "active": true,
      "usedBy": null
    }
  ],
  "users": [
    {
      "chatId": -5159343258,
      "username": "Diepvienmeobeo",
      "joinedAt": 1772361033326
    }
  ],
  "uploads": {
    "hotmail": [
      {
        "id": "3d65970b-3c56-4d8d-b040-7e9aaa0e8228",
        "filename": "PRIVATE-HOTMAIL.txt",
        "storedName": "1772361204659_PRIVATE-HOTMAIL.txt",
        "category": "hotmail",
        "lines": 1340,
        "size": 47929,
        "uploadedAt": 1772361207004,
        "path": "/uploads/hotmail/1772361204659_PRIVATE-HOTMAIL.txt"
      }
    ],
    "mix": [],
    "ccs": []
  },
  "settings": {
    "adminPassword": "0KCI92JI9XOK920DKXMC299C",
    "botToken": "8665268562:AAHPBqX34vef1WnKcrKmvkw2kC8tfoY3z4I",
    "groupChatId": "-5159343258",
    "adminId": "7490574579",
    "contactUsername": "@diepvienmeobeo",
    "websiteUrl": "tretrauont.lol"
  },
  "stats": {
    "totalUploads": 1
  }
}